School Name,Department Name,URL,Degree,Description
Bath Spa University,Accounting and Finance,https://www.bathspa.ac.uk/courses/pg-accounting-and-finance/,Level: Postgraduate,Kick-start your career with an MSc in Accounting and Finance at BSU
Bath Spa University,Acting,https://www.bathspa.ac.uk/courses/ug-acting/,Level: Undergraduate,"Prepare for a portfolio career. Train as an actor who can work across a range of media including theatre, screen, radio and voiceover."
Bath Spa University,Architecture,https://www.bathspa.ac.uk/courses/ug-architecture/,Level: Undergraduate,Be inspired by your surroundings – study an Architecture degree at our RIBA Award-winning Locksbrook Campus building.
Bath Spa University,Arts Management,https://www.bathspa.ac.uk/courses/pg-arts-management/,Level: Postgraduate,"Gain professional experience in arts and cultural management, and develop your understanding of cultural policy and the creative economy."
Bath Spa University,Assessment Only Route to QTS,https://www.bathspa.ac.uk/courses/qts-assessment-only/,Level: PGCE / Teaching,Become fully qualified to teach in just 12 weeks while working in your current school.
Bath Spa University,BCS Foundation Certificate in Agile,https://www.bathspa.ac.uk/courses/sc-agile-foundation-certificate/,Level: Short Course,"Master Agile principles, methodologies and their practical application in your workplace in this four-day in-person course."
Bath Spa University,Biology,https://www.bathspa.ac.uk/courses/ug-biology/,Level: Undergraduate,A contemporary skills based course producing highly employable professional biologists.
Bath Spa University,Biology and Education,https://www.bathspa.ac.uk/courses/ug-biology-and-education/,Level: Undergraduate,"Pursue your passion for Biology while developing the knowledge, skills and experience you need to become an educator across diverse settings."
Bath Spa University,Biomedical Science,https://www.bathspa.ac.uk/courses/ug-biomedical-science/,Level: Undergraduate,"Our practical, lab-based Biomedical Science degree prepares you for a career where you can make a difference."
Bath Spa University,Business and Management,https://www.bathspa.ac.uk/courses/ug-business-and-management/,Level: Undergraduate,An innovative Business and Management course offering a choice of specialist pathways.
Bath Spa University,Business and Management,https://www.bathspa.ac.uk/courses/pg-business-and-management/,Level: Postgraduate,"Develop your career in business and management with a focus on creativity, innovation and entrepreneurship."
Bath Spa University,Business and Management (Accounting),https://www.bathspa.ac.uk/courses/ug-business-and-management-accounting/,Level: Undergraduate,An innovative Business and Management course offering specialism in accounting.
Bath Spa University,Business and Management (Entrepreneurship),https://www.bathspa.ac.uk/courses/ug-business-and-management-entrepreneurship/,Level: Undergraduate,Discover entrepreneurial flair theory and practice with our dynamic entrepreneurship degree.
Bath Spa University,Business and Management (Fashion),https://www.bathspa.ac.uk/courses/ug-business-and-management-fashion/,Level: Undergraduate,"A flexible, employment-focused fashion business course that you can tailor to your unique career aspirations."
Bath Spa University,Business and Management (Fashion) (London),https://www.bathspa.ac.uk/courses/ug-business-and-management-fashion-london/,Level: Undergraduate,"This is a flexible, employment-focused Business and Fashion degree that you can adapt to your career aspirations."
Bath Spa University,Business and Management (Fashion) with Integrated Foundation Year (London),https://www.bathspa.ac.uk/courses/ify-business-and-management-fashion-london/,"Level: Integrated, Foundation, Undergraduate","This flexible, London-based Business and Fashion degree offers an integrated foundation year to prepare you for degree-level learning."
Bath Spa University,Business and Management (Festivals and Events),https://www.bathspa.ac.uk/courses/ug-business-and-management-festivals-and-events/,Level: Undergraduate,An innovative Business and Management course offering a specialism in festivals and events.
Bath Spa University,Business and Management (Human Resource Management),https://www.bathspa.ac.uk/courses/ug-business-and-management-hr/,Level: Undergraduate,An innovative Business and Management course offering specialism in human resource management.
Bath Spa University,Business and Management (International Business),https://www.bathspa.ac.uk/courses/ug-business-and-management-international/,Level: Undergraduate,An innovative Business and Management course offering specialism in international business.
Bath Spa University,Business and Management (International Business) (London),https://www.bathspa.ac.uk/courses/ug-business-and-management-international-london/,Level: Undergraduate,An innovative Business and Management course offering specialism in international business. Taught at our Bath Spa University London campus.
Bath Spa University,Business and Management (International Business) with Integrated Foundation Year (London),https://www.bathspa.ac.uk/courses/ify-business-and-management-international-london/,Level: Undergraduate,Our London based International Business and Management degree offers an integrated foundation year to prepare you for degree-level learning.
Bath Spa University,Business and Management (Law),https://www.bathspa.ac.uk/courses/ug-business-and-management-law/,Level: Undergraduate,A diverse Business and Management Law degree that equips you with business skills valued in a range of sectors.
Bath Spa University,Business and Management (London),https://www.bathspa.ac.uk/courses/ug-business-and-management-london/,Level: Undergraduate,An innovative Business and Management course based at Bath Spa University London.
Bath Spa University,Business and Management (London),https://www.bathspa.ac.uk/courses/pg-business-and-management-london/,Level: Postgraduate,"Our London based Business and Management course will develop your career aspirations whilst focusing on creativity, innovation and entrepreneurship."
Bath Spa University,Business and Management (Marketing),https://www.bathspa.ac.uk/courses/ug-business-and-management-marketing/,Level: Undergraduate,"A Business and Management course with a marketing specialism, accredited by the CIM."
Bath Spa University,Business and Management (Marketing) (London),https://www.bathspa.ac.uk/courses/ug-business-and-management-marketing-london/,Level: Undergraduate,A London-based version of out Business and Management course with a marketing specialism.
Bath Spa University,Business and Management (Marketing) with Integrated Foundation Year (London),https://www.bathspa.ac.uk/courses/ify-business-and-management-marketing-london/,Level: Undergraduate,A London-based version of our Business and Management course with a marketing specialism.
Bath Spa University,Business and Management (Tourism Management),https://www.bathspa.ac.uk/courses/ug-business-and-management-tourism/,Level: Undergraduate,An innovative Business and Management course offering specialism in tourism management.
Bath Spa University,Business and Management (Tourism Management) (London),https://www.bathspa.ac.uk/courses/ug-business-and-management-tourism-london/,Level: Undergraduate,An innovative Business and Management course offering specialism in tourism management based at our Bath Spa University London campus.
Bath Spa University,Business and Management (Tourism Management) with Integrated Foundation Year (London),https://www.bathspa.ac.uk/courses/ify-business-and-management-tourism-london/,"Level: Integrated, Foundation, Undergraduate",Our London based Business and Management degree with Integrated Foundation Year will develop your academic skills and prepare you for degree-level learning with a specialism in tourism management.
Bath Spa University,Business and Management and Criminology,https://www.bathspa.ac.uk/courses/ug-business-and-management-and-criminology/,Level: Undergraduate,Tailor your career and gain dynamic skills with our combined Business Management and Criminology degree.
Bath Spa University,Business and Management and Economics,https://www.bathspa.ac.uk/courses/ug-business-and-management-and-economics/,Level: Undergraduate,"Explore, analyse and tackle the challenges facing society in this combined business and economics degree."
Bath Spa University,Business and Management and Media Communications,https://www.bathspa.ac.uk/courses/ug-business-and-management-media-communications/,Level: Undergraduate,Develop creative communication skills and commercial and social awareness together in this combined Business and Media degree.
Bath Spa University,Business and Management with Integrated Foundation Year (London),https://www.bathspa.ac.uk/courses/ify-business-and-management-london/,"Level: Integrated, Foundation, Undergraduate",Our Business and Management degree with Integrated Foundation Year will develop your academic skills and prepare you for degree-level learning. Taught at our Bath Spa University London campus.
Bath Spa University,Business Psychology,https://www.bathspa.ac.uk/courses/ug-business-psychology/,Level: Undergraduate,Discover the science of human behaviour and its applications in the working world.
Bath Spa University,Children's Publishing,https://www.bathspa.ac.uk/courses/pg-childrens-publishing/,Level: Postgraduate,Develop high-quality and innovative print and digital content in this industry-focused publishing course.
Bath Spa University,Click Start,https://www.bathspa.ac.uk/courses/click-start/,Level: Short Course,"Start your new career with this new, free creative digital programme. Receive employability coaching and mentoring from an industry professional."
Bath Spa University,Commercial Music,https://www.bathspa.ac.uk/courses/ug-commercial-music/,Level: Undergraduate,"A vocational Music course for songwriters, producers and performers who want to turn their passion into a career."
Bath Spa University,Commercial Music,https://www.bathspa.ac.uk/courses/pg-commercial-music/,Level: Postgraduate,"Our Commercial Music MA allows you to choose to specialise in one of three key areas: Songwriting, Music Production or Music Business."
Bath Spa University,Computing,https://www.bathspa.ac.uk/courses/ug-computing/,Level: Undergraduate,"Realise your ideas – from design, to development, to deployment – with our Computing degree."
Bath Spa University,Counselling and Psychotherapy Practice (Distance Learning),https://www.bathspa.ac.uk/courses/pg-counselling-and-psychotherapy-practice/,Level: Postgraduate,Gain an academic qualification in Counselling and Psychotherapy Practice to complement your professional counselling/psychotherapy training.
Bath Spa University,Creative Arts Practice,https://www.bathspa.ac.uk/courses/ug-creative-arts-practice/,Level: Undergraduate,Experience a broad range of disciplines on this contemporary and creative Art degree.
Bath Spa University,Creative Computing,https://www.bathspa.ac.uk/courses/ug-creative-computing/,Level: Undergraduate,"Join the next generation of digital creatives with our hands-on, industry-focused Creative Computing degree."
Bath Spa University,Creative Computing,https://www.bathspa.ac.uk/courses/pg-creative-computing/,Level: Postgraduate,Push the boundaries of digital creativity on our MSc Creative Computing course.
Bath Spa University,Creative Computing (Gaming),https://www.bathspa.ac.uk/courses/ug-creative-computing-gaming/,Level: Undergraduate,"Shape playable worlds that inform, persuade and entertain."
Bath Spa University,Creative Computing (Web Technologies),https://www.bathspa.ac.uk/courses/ug-creative-computing-web-technologies/,Level: Undergraduate,Reimagine the web as a canvas for connected creativity.
Bath Spa University,Creative Media,https://www.bathspa.ac.uk/courses/ug-creative-media/,Level: Undergraduate,"Become a critically-informed, industry-ready media practitioner with this innovative course."
Bath Spa University,Creative Music Technology,https://www.bathspa.ac.uk/courses/ug-creative-music-technology/,Level: Undergraduate,Innovate and thrive as an artist producer or audio professional on our Creative Music Technology course.
Bath Spa University,Creative Music Technology (Games and Interactive Media),https://www.bathspa.ac.uk/courses/ug-cmt-games-and-interactive-media/,Level: Undergraduate,"Innovate and thrive as a sound designer, composer or audio professional for games and interactive media."
Bath Spa University,Creative Writing,https://www.bathspa.ac.uk/courses/ug-creative-writing/,Level: Undergraduate,"Join our vibrant creative writing community, supported by award-winning authors and creative practitioners."
Bath Spa University,Creative Writing,https://www.bathspa.ac.uk/courses/pg-creative-writing/,Level: Postgraduate,"A creative writing MA designed to help you write a novel, collection of poems, collection of stories or work of non-fiction."
Bath Spa University,Creative Writing and Drama,https://www.bathspa.ac.uk/courses/ug-creative-writing-and-drama/,Level: Undergraduate,"Explore your creativity through writing, producing performing and collaborating with our Creative Writing and Drama degree."
Bath Spa University,Creative Writing and English Literature,https://www.bathspa.ac.uk/courses/ug-creative-writing-and-english-literature/,Level: Undergraduate,Combine a love for writing with a passion for language and develop professional skills with our Creative Writing and English Literature degree.
Bath Spa University,Creative Writing and Film and Screen Studies,https://www.bathspa.ac.uk/courses/ug-creative-writing-and-film-and-screen-studies/,Level: Undergraduate,Develop employable skills in the creative industries with our Creative Writing and Film and Screen Studies degree.
Bath Spa University,Creative Writing and Philosophy and Ethics,https://www.bathspa.ac.uk/courses/ug-creative-writing-and-philosophy-and-ethics/,Level: Undergraduate,Combine creativity with an in-depth exploration of ideas with our Creative Writing and Philosophy and Ethics degree.
Bath Spa University,Creative Writing and Publishing,https://www.bathspa.ac.uk/courses/ug-creative-writing-and-publishing/,Level: Undergraduate,Develop your storytelling and practical skills for a career in digital or print media with our Creative Writing and Publishing degree.
Bath Spa University,Creative Writing PhD,https://www.bathspa.ac.uk/courses/phd-creative-writing/,Level: Research Degree,Our creative writing PhD has a reputation as one of the country’s leading doctoral programmes.
Bath Spa University,Criminology,https://www.bathspa.ac.uk/courses/ug-criminology/,Level: Undergraduate,"Investigate, scrutinise and understand the causes and consequences of crime."
Bath Spa University,Criminology and Law,https://www.bathspa.ac.uk/courses/ug-criminology-and-law/,Level: Undergraduate,"Develop an in-depth understanding of crime, justice and the legal system with our combined Criminology and Law degree."
Bath Spa University,Criminology and Politics,https://www.bathspa.ac.uk/courses/ug-criminology-and-politics/,Level: Undergraduate,Study crime from a variety of approaches alongside specialist subject knowledge from our innovative Politics course.
Bath Spa University,Criminology and Psychology,https://www.bathspa.ac.uk/courses/ug-criminology-and-psychology/,Level: Undergraduate,Study the links between the mind and criminal behaviour with our Criminology and Psychology degree.
Bath Spa University,Criminology and Sociology,https://www.bathspa.ac.uk/courses/ug-criminology-and-sociology/,Level: Undergraduate,"Broaden your skills and expertise around crime, justice and the laws that shape our society with our Criminology and Sociology degree."
Bath Spa University,Cyber Security,https://www.bathspa.ac.uk/courses/ug-cyber-security/,Level: Undergraduate,"Interrogate the fascinating, dynamic world of cyber security in this applied course."
Bath Spa University,Cyber Security,https://www.bathspa.ac.uk/courses/pg-cyber-security/,Level: Postgraduate,Learn how to make operational level decisions on cyber security that protect modern businesses.
Bath Spa University,Cybersecurity and Emerging Technologies,https://www.bathspa.ac.uk/courses/pg-cybersecurity-and-emerging-technologies/,Level: Postgraduate,"Position yourself at the forefront of legal innovation, helping to shape the future of law in an increasingly digital world."
Bath Spa University,Dance,https://www.bathspa.ac.uk/courses/ug-dance/,Level: Undergraduate,Build the skills you need to become a creative and articulate dance professional.
Bath Spa University,Dance,https://www.bathspa.ac.uk/courses/pg-dance/,Level: Postgraduate,Join a community of artists on one of the UK's leading MA Dance courses.
Bath Spa University,Design,https://www.bathspa.ac.uk/courses/pg-design/,Level: Postgraduate,"Develop genuine skill, understanding and confidence, and take your Design practice to a professional level."
Bath Spa University,Design (Graphics),https://www.bathspa.ac.uk/courses/pg-design-graphics/,Level: Postgraduate,A practical Master’s in Graphic Design taught at our purpose-built Art and Design campus.
Bath Spa University,Design (Illustration),https://www.bathspa.ac.uk/courses/pg-design-illustration/,Level: Postgraduate,Create your signature visual language with our Master’s in Illustration.
Bath Spa University,Design (Textiles),https://www.bathspa.ac.uk/courses/pg-design-textiles/,Level: Postgraduate,Reach your creative and professional potential with our practical Master’s in Textile Design.
Bath Spa University,Design (Visual Communication),https://www.bathspa.ac.uk/courses/pg-design-visual-communication/,Level: Postgraduate,"A practical course for specialist photographers, designers and illustrators."
Bath Spa University,Directing Circus,https://www.bathspa.ac.uk/courses/pg-directing-circus/,Level: Postgraduate,"Become a new kind of performance director, using circus techniques in an artistic context."
Bath Spa University,Drama,https://www.bathspa.ac.uk/courses/ug-drama/,Level: Undergraduate,Discover your place in the world of Drama at Bath Spa University.
Bath Spa University,Drama (Musical Theatre),https://www.bathspa.ac.uk/courses/ug-drama-musical-theatre/,Level: Undergraduate,Pursue a career in Musical Theatre while enjoying the benefits of a more broadly based Drama degree.
Bath Spa University,Drama and English Literature,https://www.bathspa.ac.uk/courses/ug-drama-and-english-literature/,Level: Undergraduate,"Explore your creative identity in areas of practice such as play production, performing, writing and directing, and topics such as Shakespeare, musical theatre, physical theatre, applied theatre and media and performance."
Bath Spa University,Drama and Film and Screen Studies,https://www.bathspa.ac.uk/courses/ug-drama-and-film-and-screen-studies/,Level: Undergraduate,Combine your passion for drama with an exploration of films and the film industry with our Drama and Film and Screen Studies course.
Bath Spa University,Drama and Psychology,https://www.bathspa.ac.uk/courses/ug-drama-and-psychology/,Level: Undergraduate,"Develop a range of critical, creative and practical skills valued by a diverse range of careers with our Drama and Psychology degree."
Bath Spa University,Early Childhood Studies,https://www.bathspa.ac.uk/courses/ug-early-childhood-studies/,Level: Undergraduate,Interested in how young children learn and grow? Want to gain insight into their lived experiences? Explore issues in early childhood and gain practical experience of working with children and families.
Bath Spa University,Economics and Law,https://www.bathspa.ac.uk/courses/ug-economics-and-law/,Level: Undergraduate,Explore the economic and legal challenges facing the world today on this combined law and economics degree.
Bath Spa University,Education,https://www.bathspa.ac.uk/courses/ug-education/,Level: Undergraduate,Change lives through education on this BA Education degree.
Bath Spa University,Education (Early Childhood Studies),https://www.bathspa.ac.uk/courses/pg-education-early-childhood-studies/,Level: Postgraduate,"Study early childhood education in depth, drawing on ethical, cultural and social perspectives."
Bath Spa University,Education (Leadership and Management),https://www.bathspa.ac.uk/courses/pg-education-leadership-and-management/,Level: Postgraduate,"Designed for those who aspire to become, or are currently working as, a leader in an educational organisation in the UK or internationally."
Bath Spa University,Education [Accelerated],https://www.bathspa.ac.uk/courses/ug-education-accelerated/,Level: Undergraduate,Begin your education career after just two years of study with our accelerated degree.
Bath Spa University,Education and Drama,https://www.bathspa.ac.uk/courses/ug-education-and-drama/,Level: Undergraduate,"Pursue your passion for Drama while developing the knowledge, skills and experience you need to become an educator across diverse settings."
Bath Spa University,Education and English Literature,https://www.bathspa.ac.uk/courses/ug-education-and-english-literature/,Level: Undergraduate,"Pursue your passion for English Literature while developing the knowledge, skills and experience you need to become an educator across diverse settings."
Bath Spa University,Education and Geography,https://www.bathspa.ac.uk/courses/ug-education-and-geography/,Level: Undergraduate,"Pursue your passion for Geography while developing the knowledge, skills and experience you need to become an educator across diverse settings."
Bath Spa University,Education and History,https://www.bathspa.ac.uk/courses/ug-education-and-history/,Level: Undergraduate,"Pursue your passion for History while developing the knowledge, skills and experience you need to become an educator across diverse settings."
Bath Spa University,Educational Leadership (Teach First),https://www.bathspa.ac.uk/courses/pg-educational-leadership-teach-first/,Level: Postgraduate,Build on the leadership skills you gained in your Teach First training to earn a full Master’s degree.
Bath Spa University,Educational Psychology,https://www.bathspa.ac.uk/courses/ug-educational-psychology/,Level: Undergraduate,Immerse yourself in the science of learning with our Educational Psychology degree.
Bath Spa University,English Literature,https://www.bathspa.ac.uk/courses/ug-english-literature/,Level: Undergraduate,"Our innovative English Literature degree has been designed to help you develop practical and professional skills that you can apply to contemporary challenges, issues and debates."
Bath Spa University,English Literature and Media Communications,https://www.bathspa.ac.uk/courses/ug-english-literature-and-media-communications/,Level: Undergraduate,Develop specialist subject knowledge and explore ways to communicate to diverse audiences with our English Literature and Media Communications degree.
Bath Spa University,English Literature and Philosophy and Ethics,https://www.bathspa.ac.uk/courses/ug-english-literature-and-philosophy-and-ethics/,Level: Undergraduate,Explore different perspectives and gain valuable professional skills with our English Literature and Philosophy and Ethics degree.
Bath Spa University,English Literature and Publishing,https://www.bathspa.ac.uk/courses/ug-english-literature-and-publishing/,Level: Undergraduate,"Gain practical, specialist skills and learn to shape stories, information and ideas with our English Literature and Publishing degree."
Bath Spa University,Environmental Science,https://www.bathspa.ac.uk/courses/ug-environmental-science/,Level: Undergraduate,Gain biological and geographical perspectives of the environment with this hands-on course.
Bath Spa University,Fashion Design,https://www.bathspa.ac.uk/courses/ug-fashion-design/,Level: Undergraduate,"A fast-paced, dynamic and demanding course for determined and ambitious individuals who want a career in fashion."
Bath Spa University,Fashion Management,https://www.bathspa.ac.uk/courses/pg-fashion-management/,Level: Postgraduate,Change the fashion business from the inside with the leadership skills you'll gain on our Fashion Management degree.
Bath Spa University,Fashion Marketing and Management,https://www.bathspa.ac.uk/courses/ug-fashion-marketing-and-management/,Level: Undergraduate,A distinctive fashion marketing degree with an emphasis on core business skills and digital creativity.
Bath Spa University,Fashion Photography,https://www.bathspa.ac.uk/courses/ug-fashion-photography/,Level: Undergraduate,"Explore, challenge and define the role of the photographic image in fashion."
Bath Spa University,Film and Screen Studies,https://www.bathspa.ac.uk/courses/ug-film-and-screen-studies/,Level: Undergraduate,"Study film and screen alongside some aspects of digital media, with optional work in filmmaking and post production."
Bath Spa University,Film and Screen Studies and Media Communications,https://www.bathspa.ac.uk/courses/ug-film-and-screen-studies-media-communications/,Level: Undergraduate,"Explore your interests, engage in practical projects and gain employable skills in the creative and cultural industries with our Film and Media Communications degree."
Bath Spa University,"Film, Television and Digital Production",https://www.bathspa.ac.uk/courses/ug-film-tv-and-digital-production/,Level: Undergraduate,"A practice-based course which places film and TV in its historical, contemporary and theoretical context."
Bath Spa University,Fine Art,https://www.bathspa.ac.uk/courses/ug-fine-art/,Level: Undergraduate,"A studio-centred fine arts degree, encouraging independent enquiry and delivered by practising artists."
Bath Spa University,Fine Art,https://www.bathspa.ac.uk/courses/pg-fine-art/,Level: Postgraduate,A studio based course taught by practising artists and supported by excellent facilities.
Bath Spa University,Fine Art (Ceramics),https://www.bathspa.ac.uk/courses/pg-fine-art-ceramics/,Level: Postgraduate,"Our MA Ceramics pathway in Fine Art develops your skills and knowledge through a mix of material investigation, theory and research."
Bath Spa University,Fine Art (Curatorial Practice),https://www.bathspa.ac.uk/courses/pg-fine-art-curatorial-practice/,Level: Postgraduate,Study current practices and build your personal curatorial skills on our innovative Curatorial Practice Master’s.
Bath Spa University,Fine Art (Media),https://www.bathspa.ac.uk/courses/pg-fine-art-media/,Level: Postgraduate,Develop your potential as a media artist on this specialist MA course.
Bath Spa University,Fine Art (Painting),https://www.bathspa.ac.uk/courses/pg-fine-art-painting/,Level: Postgraduate,A studio based course taught by practising artists and supported by excellent facilities.
Bath Spa University,Fine Art (Photography),https://www.bathspa.ac.uk/courses/pg-fine-art-photography/,Level: Postgraduate,Study a range of approaches to photography and lens-based media in a fine art environment.
Bath Spa University,Food with Nutrition,https://www.bathspa.ac.uk/courses/ug-food-with-nutrition/,Level: Undergraduate,Equip yourself for employment with this dynamic course that fuses academic and vocational learning.
Bath Spa University,Forensic Psychology,https://www.bathspa.ac.uk/courses/ug-forensic-psychology/,Level: Undergraduate,Study a combination of accredited Psychology modules and tailored forensic topics on this Forensic Psychology degree.
Bath Spa University,Forensic Science,https://www.bathspa.ac.uk/courses/ug-forensic-science/,Level: Undergraduate,Learn how to use science to help solve crimes on this Forensic Science degree.
Bath Spa University,FWD,https://www.bathspa.ac.uk/courses/fwd/,Level: Short Course,"Take your career forward with FWD, a free, next generation skills, training, research and innovation programme."
Bath Spa University,Games Development,https://www.bathspa.ac.uk/courses/ug-games-development/,Level: Undergraduate,"Turn your love of games into a career in this hands-on, industry-focused course."
Bath Spa University,Geography,https://www.bathspa.ac.uk/courses/ug-geography/,Level: Undergraduate,Develop the knowledge and skills to understand our complex world with a degree in Geography.
Bath Spa University,Global Citizenship,https://www.bathspa.ac.uk/courses/intl-global-citizenship/,"Level: Integrated, Undergraduate","Gain an international, interdisciplinary perspective by studying Global Citizenship alongside your undergraduate course."
Bath Spa University,Global Development and Sustainability,https://www.bathspa.ac.uk/courses/ug-global-development-and-sustainability/,Level: Undergraduate,Explore contemporary global challenges and learn how to promote and implement sustainable development.
Bath Spa University,Graphic Design,https://www.bathspa.ac.uk/courses/ug-graphic-design/,Level: Undergraduate,"Interested in graphic design? This broad, practice based course encourages hands-on, ideas based, socially engaged design."
Bath Spa University,Health and Social Care Management (London),https://www.bathspa.ac.uk/courses/ug-health-social-care-management-london/,Level: Undergraduate,Our London-based Health and Social Care Management degree will give you the skills needed for efficient and effective delivery of services in the health and social care environment.
Bath Spa University,Health and Social Care Management with Integrated Foundation Year (London),https://www.bathspa.ac.uk/courses/ify-health-social-care-management-london/,"Level: Integrated, Foundation, Undergraduate",Our London based Health and Social Care Management degree with Integrated Foundation Year will develop your academic skills and prepare you for degree-level learning.
Bath Spa University,Heritage Management,https://www.bathspa.ac.uk/courses/pg-heritage-management/,Level: Postgraduate,Combine placements and projects with robust conceptual thinking through this dynamic MA course.
Bath Spa University,History,https://www.bathspa.ac.uk/courses/ug-history/,Level: Undergraduate,"Our innovative History degree has been designed to help you develop practical and professional skills that you can apply to contemporary challenges, issues and debates."
Bath Spa University,History and Philosophy and Ethics,https://www.bathspa.ac.uk/courses/ug-history-and-philosophy-and-ethics/,Level: Undergraduate,Develop practical skills as you apply your understanding of the past and your knowledge of philosophy to contemporary challenges.
Bath Spa University,History and Politics,https://www.bathspa.ac.uk/courses/ug-history-and-politics/,Level: Undergraduate,"Our innovative History with Politics degree has been designed to help you develop practical and professional skills that you can apply to contemporary challenges, issues and debates."
Bath Spa University,Human Nutrition,https://www.bathspa.ac.uk/courses/ug-human-nutrition/,Level: Undergraduate,"Explore the scientific principles behind human nutrition, food, health and disease."
Bath Spa University,Inclusive Education,https://www.bathspa.ac.uk/courses/pg-inclusive-education/,Level: Postgraduate,Become an expert in vulnerable learners and inclusion at a time of significant educational reform.
Bath Spa University,Integrated Foundation Year for Art and Design Courses,https://www.bathspa.ac.uk/courses/ify-art-and-design/,"Level: Integrated, Foundation, Undergraduate",Use our outstanding facilities and develop your Art and Design skills with an integrated Foundation year before you progress onto your chosen BA (Hons) degree.
Bath Spa University,Interior Design,https://www.bathspa.ac.uk/courses/ug-interior-design/,Level: Undergraduate,Learn to transform and repurpose spaces on our new Interior Design course.
Bath Spa University,International Commercial Law,https://www.bathspa.ac.uk/courses/pg-international-commercial-law/,Level: Postgraduate,Prepare to excel in the fast-paced world of international commerce and law with this comprehensive and forward-thinking Master's degree.
Bath Spa University,International Relations and History,https://www.bathspa.ac.uk/courses/ug-international-relations-and-history/,Level: Undergraduate,Explore the impact of local and national politics and how history informs change with our International Relations and History degree.
Bath Spa University,International Relations and Politics,https://www.bathspa.ac.uk/courses/ug-international-relations-and-politics/,Level: Undergraduate,"Explore the complexities of the contemporary world by examining the mechanisms for, or absence of, international governance with our innovative International Relations and Politics degree."
Bath Spa University,Introduction to Amharic and the Ethiopian Alphabet,https://www.bathspa.ac.uk/courses/sc-amharic-language/,Level: Short Course,"Learn about one of the diplomatic languages of Africa, how to read and write your own name in Amharic and how the Ethiopian alphabet differs from English."
Bath Spa University,Introduction to Immersive Audio,https://www.bathspa.ac.uk/courses/sc-immersive-audio/,Level: Short Course,Discover immersive audio techniques using binaural and ambisonic technologies.
Bath Spa University,Introduction to Sports Media,https://www.bathspa.ac.uk/courses/sc-sports-media/,Level: Short Course,Learn the fundamentals of covering live sports events from the grounds of Bath City Football Club.
Bath Spa University,Introduction to Writing for Young People,https://www.bathspa.ac.uk/courses/sc-introduction-to-wfyp/,Level: Short Course,"Learn about the craft of writing for children and young adults over eight weeks of creative writing exercises, class discussions and workshops."
Bath Spa University,Journalism and Publishing,https://www.bathspa.ac.uk/courses/ug-journalism-and-publishing/,Level: Undergraduate,Become a journalist for the 21st century and tell the stories that matter.
Bath Spa University,Law,https://www.bathspa.ac.uk/courses/ug-law/,Level: Undergraduate,Prepare for a career within and beyond law with our Law degree. Provide support for real situations in our legal clinic.
Bath Spa University,Law and Business,https://www.bathspa.ac.uk/courses/pg-law-and-business/,Level: Postgraduate,A contemporary and forward-thinking Master's degree aimed at developing creative professionals and entrepreneurs.
Bath Spa University,Law and Politics,https://www.bathspa.ac.uk/courses/ug-law-and-politics/,Level: Undergraduate,Develop practical and vocational skills alongside your knowledge of legal theory and specialised subject knowledge from our innovative Politics course.
Bath Spa University,Leadership,https://www.bathspa.ac.uk/courses/pg-leadership/,Level: Postgraduate,Our MBA in leadership and management offers flexible work-based learning to advance your career in senior and strategic business roles.
Bath Spa University,Legal Foundations,https://www.bathspa.ac.uk/courses/pg-legal-foundations/,Level: Postgraduate,A postgraduate law course designed to support your progress towards legal qualification in England and Wales.
Bath Spa University,Marketing,https://www.bathspa.ac.uk/courses/ug-marketing/,Level: Undergraduate,Our socially conscious Marketing degree will give you the tools to succeed in a changing digital landscape.
Bath Spa University,Marketing and Brand Management,https://www.bathspa.ac.uk/courses/pg-marketing-and-brand-management/,Level: Postgraduate,"Expand your practical, theoretical and professional experience with our Master's in Marketing and Brand Management."
Bath Spa University,MBA,https://www.bathspa.ac.uk/courses/pg-business-administration-london/,Level: Postgraduate,Become an effective and ethical manager with our MBA at Bath Spa University London.
Bath Spa University,Media Communications,https://www.bathspa.ac.uk/courses/ug-media-communications/,Level: Undergraduate,Challenge the global media landscape with this practical and research-led Media degree.
Bath Spa University,Media Communications and Publishing,https://www.bathspa.ac.uk/courses/ug-media-communications-and-publishing/,Level: Undergraduate,"Build industry contacts, gain practical skills and learn innovative approaches to communicating ideas with our Media Communications and Publishing degree."
Bath Spa University,Media Communications and Sociology,https://www.bathspa.ac.uk/courses/ug-media-communications-and-sociology/,Level: Undergraduate,"Broaden your experience, explore mass media and gain valuable, employable skills by combining a Media and Sociology degree."
Bath Spa University,Music,https://www.bathspa.ac.uk/courses/ug-music/,Level: Undergraduate,"Learn through practical music-making every day, make a difference with your music, and build a viable, sustainable career."
Bath Spa University,Music (Performance),https://www.bathspa.ac.uk/courses/ug-music-performance/,Level: Undergraduate,Become a versatile performing musician who is ready for a varied and viable career in the wider entertainment industry.
Bath Spa University,Nature and Travel Writing,https://www.bathspa.ac.uk/courses/pg-nature-and-travel-writing/,Level: Postgraduate,"For any creative writer inspired by places, people and wildlife, who wants to be published."
Bath Spa University,Performance (Acting),https://www.bathspa.ac.uk/courses/pg-performance-acting/,Level: Postgraduate,"Take your acting career to the next level with our practical, professional MA Acting course."
Bath Spa University,Performance (Creative Producing),https://www.bathspa.ac.uk/courses/pg-performance-creative-producing/,Level: Postgraduate,Do you want to produce live performances? This course is for creative producers at all stages of their career.
Bath Spa University,Performance (Directing),https://www.bathspa.ac.uk/courses/pg-performance-directing/,Level: Postgraduate,A postgraduate course for directors of theatre and live performance at all stages of their career.
Bath Spa University,Performance (Music),https://www.bathspa.ac.uk/courses/pg-performance-music/,Level: Postgraduate,Enhance your understanding of the industry and develop your performance skills on this collaborative MA Music course.
Bath Spa University,PGCE Primary and Early Years,https://www.bathspa.ac.uk/courses/pgce-primary-and-early-years/,Level: PGCE / Teaching,Become an innovative and inspiring teacher on our PGCE Primary and Early Years course.
Bath Spa University,PGCE Secondary Art and Design,https://www.bathspa.ac.uk/courses/pgce-secondary-art-and-design/,Level: PGCE / Teaching,Become an innovative and inspiring teacher on our Secondary PGCE Art and Design course.
Bath Spa University,PGCE Secondary Business Studies,https://www.bathspa.ac.uk/courses/pgce-secondary-business-studies/,Level: PGCE / Teaching,Become an innovative and inspiring teacher on our Secondary PGCE Business Studies course.
Bath Spa University,PGCE Secondary Computing,https://www.bathspa.ac.uk/courses/pgce-secondary-computing/,Level: PGCE / Teaching,Become an innovative and inspiring teacher on our Secondary PGCE Computing course.
Bath Spa University,PGCE Secondary Design and Technology,https://www.bathspa.ac.uk/courses/pgce-secondary-design-and-technology/,Level: PGCE / Teaching,Become an innovative and inspiring teacher on our Secondary PGCE Design and Technology course.
Bath Spa University,PGCE Secondary Drama,https://www.bathspa.ac.uk/courses/pgce-secondary-drama/,Level: PGCE / Teaching,Become an innovative and inspiring teacher on our Secondary PGCE Drama course.
Bath Spa University,PGCE Secondary English,https://www.bathspa.ac.uk/courses/pgce-secondary-english/,Level: PGCE / Teaching,Become an innovative and inspiring teacher on our Secondary PGCE English course.
Bath Spa University,PGCE Secondary Geography,https://www.bathspa.ac.uk/courses/pgce-secondary-geography/,Level: PGCE / Teaching,Become an innovative and inspiring teacher on our Secondary PGCE Geography course.
Bath Spa University,PGCE Secondary History,https://www.bathspa.ac.uk/courses/pgce-secondary-history/,Level: PGCE / Teaching,Become an innovative and inspiring teacher on our Secondary PGCE History course.
Bath Spa University,PGCE Secondary Mathematics,https://www.bathspa.ac.uk/courses/pgce-secondary-mathematics/,Level: PGCE / Teaching,Become an innovative and inspiring teacher on our Secondary PGCE Mathematics course.
Bath Spa University,PGCE Secondary Modern Languages,https://www.bathspa.ac.uk/courses/pgce-secondary-modern-languages/,Level: PGCE / Teaching,Become an innovative and inspiring teacher on our Secondary PGCE Modern Languages course.
Bath Spa University,PGCE Secondary Music,https://www.bathspa.ac.uk/courses/pgce-secondary-music/,Level: PGCE / Teaching,Become an innovative and inspiring teacher on our Secondary PGCE Music course.
Bath Spa University,PGCE Secondary Physical Education,https://www.bathspa.ac.uk/courses/pgce-secondary-physical-education/,Level: PGCE / Teaching,Become an innovative and inspiring teacher on our Secondary Physical Education course.
Bath Spa University,"PGCE Secondary Religion, Philosophy and Ethics",https://www.bathspa.ac.uk/courses/pgce-secondary-religion-philosophy-and-ethics/,Level: PGCE / Teaching,Become an innovative and inspiring teacher on our Secondary Religious Education course.
Bath Spa University,PGCE Secondary Science,https://www.bathspa.ac.uk/courses/pgce-secondary-science/,Level: PGCE / Teaching,Become an innovative and inspiring teacher on our Secondary Science course.
Bath Spa University,PGCert Professional Education (SENCO),https://www.bathspa.ac.uk/courses/pg-senco/,Level: Postgraduate,Postgraduate training in special educational needs coordination.
Bath Spa University,Philosophy and Ethics,https://www.bathspa.ac.uk/courses/ug-philosophy-and-ethics/,Level: Undergraduate,"Our innovative Philosophy and Ethics degree has been designed to help you develop practical and professional skills that you can apply to contemporary challenges, issues and debates."
Bath Spa University,Philosophy and Ethics and Psychology,https://www.bathspa.ac.uk/courses/ug-philosophy-and-ethics-and-psychology/,Level: Undergraduate,Gain employable skills and explore how and why we think with a combined Philosophy and Psychology degree.
Bath Spa University,Photography,https://www.bathspa.ac.uk/courses/ug-photography/,Level: Undergraduate,"Engage with photography in an experimental, creative and critical environment."
Bath Spa University,"Politics, Philosophy and Economics",https://www.bathspa.ac.uk/courses/ug-politics-philosophy-and-economics/,Level: Undergraduate,"How does the world work, and how can it be changed? This course explores issues of philosophy, politics and economics, and challenges you to devise creative solutions to local, national and global problems."
Bath Spa University,Primary and Early Years (part time),https://www.bathspa.ac.uk/courses/pgce-primary-and-early-years-pt/,Level: PGCE / Teaching,Become an innovative and inspiring teacher on our part-time PGCE Primary and Early Years course.
Bath Spa University,Primary Education (5-11) with QTS,https://www.bathspa.ac.uk/courses/ug-primary-education-with-qts/,Level: Undergraduate,"This Primary Education with QTS course will give you the knowledge, skills and confidence to shine and leads to the award of QTS."
Bath Spa University,Product Design,https://www.bathspa.ac.uk/courses/ug-product-design/,Level: Undergraduate,This contemporary design course focuses on making and innovation to address the future of production.
Bath Spa University,Professional Doctorate in Education,https://www.bathspa.ac.uk/courses/edd-professional-doctorate-in-education/,Level: Research Degree,Enhance your career in education with our Professional Doctorate.
Bath Spa University,Professional Practice,https://www.bathspa.ac.uk/courses/pg-professional-practice/,Level: Postgraduate,"Gain an in-depth understanding of your current area of professional practice with our flexible MA. Designed for busy schedules, this course is suitable for working professionals."
Bath Spa University,Professional Practice in Higher Education,https://www.bathspa.ac.uk/courses/pg-professional-practice-in-he/,Level: Postgraduate,A programme to help staff and research students address the key challenges of working in higher education.
Bath Spa University,Psychology,https://www.bathspa.ac.uk/courses/ug-psychology/,Level: Undergraduate,Understand the mind and human behaviour from a range of perspectives and methodologies.
Bath Spa University,Psychology and Sociology,https://www.bathspa.ac.uk/courses/ug-psychology-and-sociology/,Level: Undergraduate,Broaden your knowledge and examine the complexities of societies and individuals with a Psychology and Sociology degree.
Bath Spa University,Publishing,https://www.bathspa.ac.uk/courses/ug-publishing/,Level: Undergraduate,"Study Publishing as a joint subject and learn to shape stories, information and ideas for print and digital."
Bath Spa University,Scriptwriting,https://www.bathspa.ac.uk/courses/pg-scriptwriting/,Level: Postgraduate,"A collaborative, practical course designed to produce versatile, professional writers and compelling scripts."
Bath Spa University,Skills Bootcamp in Agile and Scrum Foundation (West Midlands),https://www.bathspa.ac.uk/courses/agile-and-scrum-bootcamp-west-midlands/,Level: Short Course,"Learn about the Agile mindset, common Agile practices and advanced Scrum concepts in our eight week Skills Bootcamp."
Bath Spa University,Skills Bootcamp in Agile Project Management,https://www.bathspa.ac.uk/courses/project-management-bootcamp/,Level: Short Course,During this eight week Skills Bootcamp in Agile Project Management you'll learn about the key Agile methodology frameworks and how to apply them within project management scenarios.
Bath Spa University,Skills Bootcamp in Agile Project Management and AI for your organisation,https://www.bathspa.ac.uk/courses/agile-and-ai-bootcamp/,Level: Short Course,Learn about Agile methodologies and how to implement artificial intelligence and machine learning principles in the workplace.
Bath Spa University,Skills Bootcamp in Data Analytics and Machine Learning,https://www.bathspa.ac.uk/courses/data-analytics-and-machine-learning-bootcamp/,Level: Short Course,"During this eight week Skills Bootcamp in Data Analytics and Machine Learning, you’ll learn the skills needed to start a career as a Data Analyst, Business Analyst or Data Scientist."
Bath Spa University,Skills Bootcamp in Scrum Foundation,https://www.bathspa.ac.uk/courses/scrum-foundation-bootcamp/,Level: Short Course,During this eight week Skills Bootcamp in Scrum Foundation you'll learn about Agile principles and the Scrum framework.
Bath Spa University,Skills Bootcamp in UX/UI Design,https://www.bathspa.ac.uk/courses/ux-ui-bootcamp/,Level: Short Course,In this ten week Skills Bootcamp in UX/UI Design you’ll develop the fundamental skills needed to start your journey as a User Experience (UX)/User Interface (UI) Designer.
Bath Spa University,Sociology,https://www.bathspa.ac.uk/courses/ug-sociology/,Level: Undergraduate,"A course for individuals interested in social issues, who want to help make the world a better place."
Bath Spa University,Sociology and Politics,https://www.bathspa.ac.uk/courses/ug-sociology-and-politics/,Level: Undergraduate,"Discover the power and limitations of activism, social justice, ethical politics, and sustainability on this Politics and Sociology undergraduate course."
Bath Spa University,Sound (Composition and Sonic Art),https://www.bathspa.ac.uk/courses/pg-sound-composition-and-sonic-art/,Level: Postgraduate,Realise and refine your own creative identity in sound and music with our MA in Composition and Sonic Art.
Bath Spa University,Sound (Design),https://www.bathspa.ac.uk/courses/pg-sound-design/,Level: Postgraduate,"Develop a range of sound design skills, industry-standard experience, and a high-quality portfolio that showcases everything you’ve learned on our MA Sound (Design)."
Bath Spa University,Sound (Production),https://www.bathspa.ac.uk/courses/pg-sound-production/,Level: Postgraduate,Develop your own sonic signature through this forward-thinking music and sound production course.
Bath Spa University,Specific Learning Difficulties / Dyslexia,https://www.bathspa.ac.uk/courses/pg-specific-learning-difficulties-dyslexia/,Level: Postgraduate,Gain specialist skills while you work. We’ve designed this BDA-accredited MA SpLD / Dyslexia to fit around you.
Bath Spa University,Specific Learning Difficulties / Dyslexia,https://www.bathspa.ac.uk/courses/pg-cert-specific-learning-difficulties-dyslexia/,Level: Postgraduate,Gain specialist skills while you work. We’ve designed this BDA-accredited PGCert SpLD / Dyslexia to fit around you.
Bath Spa University,Sport and Exercise Nutrition,https://www.bathspa.ac.uk/courses/ug-sport-and-exercise-nutrition/,Level: Undergraduate,"Explore the science behind diet, sports performance and health on our Sport and Exercise Nutrition degree."
Bath Spa University,Sports Management,https://www.bathspa.ac.uk/courses/ug-sports-management/,Level: Undergraduate,Learn about the sporting industry from the inside with our sports business and management degree.
Bath Spa University,Sports Media Production,https://www.bathspa.ac.uk/courses/ug-sports-media-production/,Level: Undergraduate,"Become part of the next generation of creatives on this exciting Sports Media Production course, using cutting-edge facilities, studios, equipment and resources."
Bath Spa University,Starting a Side Hustle,https://www.bathspa.ac.uk/courses/sc-starting-a-side-hustle/,Level: Short Course,"Learn how to find your target audience, market your product or service and manage your business's finances on this four day Entrepreneurship for Beginners short course."
Bath Spa University,Story Foundry PhD (Low Residency),https://www.bathspa.ac.uk/courses/phd-story-foundry/,Level: Research Degree,"Our Story Foundry PhD offers an innovative liberal arts PhD for contemporary writers, storytellers and makers whose project proposals do not fit neatly into traditional academic boxes."
Bath Spa University,Story Foundry PhD by Publication (Distance Learning),https://www.bathspa.ac.uk/courses/phd-story-foundry-publication/,Level: Research Degree,Our Story Foundry PhD by Publication is for established practitioners with a substantial body of work. This international programme encourages innovative and interdisciplinary forms of practice with a narrative or story-based focus.
Bath Spa University,Teach First Training Programme,https://www.bathspa.ac.uk/courses/pg-teach-first-training-programme/,Level: PGCE / Teaching,The Teach First Training Programme combines teacher and leadership training. The programme is based on global best practice.
Bath Spa University,Textile Design,https://www.bathspa.ac.uk/courses/ug-textile-design/,Level: Undergraduate,Interested in textiles? This dynamic and demanding course aims to create the designers and innovators of the future.
Bath Spa University,"Theatre, Festival and Event Production",https://www.bathspa.ac.uk/courses/ug-theatre-festival-and-event-production/,Level: Undergraduate,Professional theatre training delivered in partnership with the theatre production industry.
Bath Spa University,Waldorf Education and Creative Pedagogies (Low Residency),https://www.bathspa.ac.uk/courses/pg-waldorf-education-and-creative-pedagogies/,Level: Postgraduate,"Expand your career horizons and nurture your passion for creativity in education. If you have a teaching qualification, this ‘top up’ course has been designed with you in mind."
Bath Spa University,Wildlife Conservation,https://www.bathspa.ac.uk/courses/ug-wildlife-conservation/,Level: Undergraduate,"Explore conservation biology, ecology and human-wildlife interaction with a creative interdisciplinary approach, and help develop ways to protect the natural world."
Bath Spa University,Writing for Young People,https://www.bathspa.ac.uk/courses/pg-writing-for-young-people/,Level: Postgraduate,A specialist creative writing MA for writers for children and young adults taught by published authors.
Bath Spa University,Writing for Young People (Online),https://www.bathspa.ac.uk/courses/pg-writing-for-young-people-online/,Level: Postgraduate,A specialist creative writing MA for writers for children and young adults taught online by published authors.
Bath Spa University,Writing for Young People - Writing Workshop,https://www.bathspa.ac.uk/courses/sc-wfyp-writing-workshop/,Level: Short Course,Improve your writing and finish your manuscript through a series of workshops over ten weeks.
Bath Spa University,Writing for Young People - Writing Workshop (London),https://www.bathspa.ac.uk/courses/sc-wfyp-writing-workshop-london/,Level: Short Course,Improve your writing and finish your manuscript through a series of workshops over ten weeks.
